attrition_code,employee_id,exit_type,last_working_day,notice_period
R0001,EMP0001,Active,,
R0002,EMP0002,Active,,
R0003,EMP0003,Active,,
R0004,EMP0004,Voluntary,2021-09-04,30.0
R0005,EMP0005,Active,,
R0006,EMP0006,Voluntary,2024-08-09,60.0
R0007,EMP0007,Active,,
R0008,EMP0008,Voluntary,2023-11-27,15.0
R0009,EMP0009,Active,,
R0010,EMP0010,Active,,
R0011,EMP0011,Active,,
R0012,EMP0012,Active,,
R0013,EMP0013,Active,,
R0014,EMP0014,Active,,
R0015,EMP0015,Active,,
R0016,EMP0016,Active,,
R0017,EMP0017,Active,,
R0018,EMP0018,Voluntary,2025-01-04,30.0
R0019,EMP0019,Active,,
R0020,EMP0020,Active,,
R0021,EMP0021,Involuntary,2016-09-22,0.0
R0022,EMP0022,Active,,
R0023,EMP0023,Active,,
R0024,EMP0024,Voluntary,2019-09-29,15.0
R0025,EMP0025,Active,,
R0026,EMP0026,Active,,
R0027,EMP0027,Active,,
R0028,EMP0028,Active,,
R0029,EMP0029,Active,,
R0030,EMP0030,Active,,
R0031,EMP0031,Active,,
R0032,EMP0032,Active,,
R0033,EMP0033,Active,,
R0034,EMP0034,Active,,
R0035,EMP0035,Active,,
R0036,EMP0036,Active,,
R0037,EMP0037,Active,,
R0038,EMP0038,Active,,
R0039,EMP0039,Active,,
R0040,EMP0040,Active,,
R0041,EMP0041,Active,,
R0042,EMP0042,Active,,
R0043,EMP0043,Layoff,2023-06-15,0.0
R0044,EMP0044,Active,,
R0045,EMP0045,Voluntary,2019-02-16,30.0
R0046,EMP0046,Involuntary,2019-03-29,10.0
R0047,EMP0047,Active,,
R0048,EMP0048,Active,,
R0049,EMP0049,Voluntary,2020-04-25,30.0
R0050,EMP0050,Active,,
R0051,EMP0051,Active,,
R0052,EMP0052,Active,,
R0053,EMP0053,Active,,
R0054,EMP0054,Active,,
R0055,EMP0055,Active,,
R0056,EMP0056,Active,,
R0057,EMP0057,Involuntary,2019-04-10,15.0
R0058,EMP0058,Layoff,2022-09-24,15.0
R0059,EMP0059,Active,,
R0060,EMP0060,Active,,
R0061,EMP0061,Active,,
R0062,EMP0062,Voluntary,2019-03-28,0.0
R0063,EMP0063,Active,,
R0064,EMP0064,Active,,
R0065,EMP0065,Active,,
R0066,EMP0066,Active,,
R0067,EMP0067,Active,,
R0068,EMP0068,Active,,
R0069,EMP0069,Active,,
R0070,EMP0070,Active,,
R0071,EMP0071,Active,,
R0072,EMP0072,Active,,
R0073,EMP0073,Active,,
R0074,EMP0074,Active,,
R0075,EMP0075,Active,,
R0076,EMP0076,Active,,
R0077,EMP0077,Active,,
R0078,EMP0078,Active,,
R0079,EMP0079,Active,,
R0080,EMP0080,Voluntary,2022-12-28,15.0
R0081,EMP0081,Active,,
R0082,EMP0082,Active,,
R0083,EMP0083,Active,,
R0084,EMP0084,Active,,
R0085,EMP0085,Active,,
R0086,EMP0086,Active,,
R0087,EMP0087,Active,,
R0088,EMP0088,Voluntary,2020-07-31,30.0
R0089,EMP0089,Voluntary,2022-11-05,15.0
R0090,EMP0090,Active,,
R0091,EMP0091,Voluntary,2021-09-11,15.0
R0092,EMP0092,Active,,
R0093,EMP0093,Active,,
R0094,EMP0094,Active,,
R0095,EMP0095,Active,,
R0096,EMP0096,Active,,
R0097,EMP0097,Active,,
R0098,EMP0098,Active,,
R0099,EMP0099,Active,,
R0100,EMP0100,Layoff,2023-07-17,15.0
R0101,EMP0101,Active,,
R0102,EMP0102,Involuntary,2023-05-11,15.0
R0103,EMP0103,Active,,
R0104,EMP0104,Voluntary,2017-11-14,60.0
R0105,EMP0105,Active,,
R0106,EMP0106,Active,,
R0107,EMP0107,Active,,
R0108,EMP0108,Active,,
R0109,EMP0109,Layoff,2018-03-14,15.0
R0110,EMP0110,Active,,
R0111,EMP0111,Active,,
R0112,EMP0112,Voluntary,2024-08-14,15.0
R0113,EMP0113,Active,,
R0114,EMP0114,Active,,
R0115,EMP0115,Active,,
R0116,EMP0116,Active,,
R0117,EMP0117,Active,,
R0118,EMP0118,Active,,
R0119,EMP0119,Active,,
R0120,EMP0120,Active,,
R0121,EMP0121,Active,,
R0122,EMP0122,Active,,
R0123,EMP0123,Active,,
R0124,EMP0124,Active,,
R0125,EMP0125,Active,,
R0126,EMP0126,Active,,
R0127,EMP0127,Voluntary,2019-07-17,15.0
R0128,EMP0128,Active,,
R0129,EMP0129,Voluntary,2023-05-11,15.0
R0130,EMP0130,Active,,
R0131,EMP0131,Layoff,2020-09-30,15.0
R0132,EMP0132,Active,,
R0133,EMP0133,Active,,
R0134,EMP0134,Active,,
R0135,EMP0135,Active,,
R0136,EMP0136,Voluntary,2021-03-14,15.0
R0137,EMP0137,Active,,
R0138,EMP0138,Active,,
R0139,EMP0139,Voluntary,2024-08-11,15.0
R0140,EMP0140,Active,,
R0141,EMP0141,Active,,
R0142,EMP0142,Active,,
R0143,EMP0143,Active,,
R0144,EMP0144,Active,,
R0145,EMP0145,Active,,
R0146,EMP0146,Active,,
R0147,EMP0147,Active,,
R0148,EMP0148,Active,,
R0149,EMP0149,Active,,
R0150,EMP0150,Active,,
R0151,EMP0151,Active,,
R0152,EMP0152,Active,,
R0153,EMP0153,Active,,
R0154,EMP0154,Active,,
R0155,EMP0155,Involuntary,2021-03-01,15.0
R0156,EMP0156,Voluntary,2024-05-05,15.0
R0157,EMP0157,Active,,
R0158,EMP0158,Voluntary,2024-12-28,30.0
R0159,EMP0159,Involuntary,2021-05-18,15.0
R0160,EMP0160,Active,,
R0161,EMP0161,Active,,
R0162,EMP0162,Layoff,2019-09-25,0.0
R0163,EMP0163,Voluntary,2024-04-23,15.0
R0164,EMP0164,Active,,
R0165,EMP0165,Active,,
R0166,EMP0166,Active,,
R0167,EMP0167,Voluntary,2021-04-20,15.0
R0168,EMP0168,Active,,
R0169,EMP0169,Active,,
R0170,EMP0170,Voluntary,2022-04-07,10.0
R0171,EMP0171,Voluntary,2021-10-03,30.0
R0172,EMP0172,Active,,
R0173,EMP0173,Voluntary,2023-04-16,15.0
R0174,EMP0174,Active,,
R0175,EMP0175,Active,,
R0176,EMP0176,Active,,
R0177,EMP0177,Active,,
R0178,EMP0178,Layoff,2021-12-14,0.0
R0179,EMP0179,Active,,
R0180,EMP0180,Voluntary,2023-03-04,15.0
