review_id,employee_id,score,review_comment
1,EMP0001,3.5,Strong performer ready for broader challenges
2,EMP0002,3.1,Understands job expectations and meets them
3,EMP0003,4.4,Demonstrates sharp judgment and sound decision-making
4,EMP0004,1.6,Displays weak initiative and limited accountability
5,EMP0005,3.8,Helps elevate team performance through collaboration
6,EMP0006,2.2,Meets deadlines occasionally but without quality assurance
7,EMP0007,2.5,Displays a more positive approach to work
8,EMP0008,2.6,Needs more confidence in handling complex task
9,EMP0009,2.1,Begins to understand responsibilities but struggles with execution
10,EMP0010,2.4,Engagement is limited but growing
11,EMP0011,1.5,Needs clearer focus and better time management
12,EMP0012,2.5,Shows better awareness of job duties
13,EMP0013,3.9,Respected contributor with clear upward trajectory
14,EMP0014,3.1,Performs with confidence on familiar tasks
15,EMP0015,3.1,Shows consistent ability with minimal errors
16,EMP0016,4.4,Actively mentors and supports team development
17,EMP0017,2.9,Moderate performance with upward potential
18,EMP0018,3.7,Takes on extra tasks willingly and capably
19,EMP0019,4.3,Viewed as a go-to resource for complex tasks
20,EMP0020,3.0,Works well independently with occasional guidance
21,EMP0021,2.6,Trusted contributor in both team and individual settings
22,EMP0022,3.3,Takes pride in delivering accurate work
23,EMP0023,4.8,Trusted with high-stakes responsibilities
24,EMP0024,3.0,Performs tasks with satisfactory accuracy and timeliness
25,EMP0025,2.8,Approaches expectations but not yet exceeding them
26,EMP0026,1.9,"Shows early signs of learning, but struggles persist"
27,EMP0027,2.2,Begins to understand responsibilities but struggles with execution
28,EMP0028,2.5,Performance meets some expectations but remains uneven
29,EMP0029,4.8,Regularly redefines what success looks like
30,EMP0030,2.5,Demonstrates moderate reliability
31,EMP0031,2.6,Starting to take more ownership
32,EMP0032,2.2,Begins to understand responsibilities but struggles with execution
33,EMP0033,2.8,Gaining momentum but not fully self-sufficient
34,EMP0034,3.5,Displays ownership of tasks and deadlines
35,EMP0035,4.4,Demonstrates sharp judgment and sound decision-making
36,EMP0036,2.1,Shows minimal progress but not yet dependable
37,EMP0037,2.1,Demonstrates basic effort but lacks initiative
38,EMP0038,2.8,Executes assigned work with growing consistency
39,EMP0039,3.1,Understands job expectations and meets them
40,EMP0040,3.0,Solid performer with room for refinement
41,EMP0041,3.0,Occasionally takes initiative beyond core duties
42,EMP0042,2.0,Needs to improve reliability and output quality
43,EMP0043,1.3,Often dependent on others to finish assigned work
44,EMP0044,3.3,Shows a good balance of quality and efficiency
45,EMP0045,2.7,Becoming more dependable in task completion
46,EMP0046,1.8,Effort is inconsistent and often insufficient
47,EMP0047,2.7,Collaboration skills beginning to improve
48,EMP0048,2.4,Engagement is limited but growing
49,EMP0049,3.4,Growing potential for leadership responsibilities
50,EMP0050,3.6,Shows initiative and seeks opportunities to improve
51,EMP0051,2.9,Developing stronger communication and follow-through
52,EMP0052,3.9,Anticipates and resolves challenges effectively
53,EMP0053,3.7,Proactively contributes ideas during meetings
54,EMP0054,2.8,Demonstrates improving time and task management
55,EMP0055,1.8,"Shows limited progress, but not sufficient for role demands"
56,EMP0056,3.1,Understands job expectations and meets hem
57,EMP0057,2.1,Occasionally meets expectations with oversight
58,EMP0058,2.2,"Shows willingness to learn, but application is lacking"
59,EMP0059,3.2,Emerging as a dependable team member
60,EMP0060,2.2,Work quality is improving slightly but remains below standard
61,EMP0061,2.8,Gaining momentum but not fully self-sufficient
62,EMP0062,3.4,Reliable contributor to team success
63,EMP0063,2.3,Communication improving but still unclear at times
64,EMP0064,2.3,Demonstrates modest development
65,EMP0065,1.7,Lacks focus and clarity in task execution
66,EMP0066,2.8,Demonstrates improving time and task management
67,EMP0067,2.8,Demonstrates improving time and task management
68,EMP0068,4.9,A role model and benchmark for excellence across the organization
69,EMP0069,3.3,Shows a good balance of quality and efficiency
70,EMP0070,3.8,Has a strong grasp of processes and improves them
71,EMP0071,2.4,Shows consistent ability with minimal errors
72,EMP0072,4.1,Recognized leader who inspires confidence and follow-through
73,EMP0073,2.4,Shows better awareness of job duties
74,EMP0074,2.1,Performance is stabilizing but still below satisfactory levels
75,EMP0075,2.4,Still needs development in prioritization and quality
76,EMP0076,2.5,Improvement is steady but needs acceleration
77,EMP0077,4.1,Sets a standard of excellence for others
78,EMP0078,2.6,Often exceeds expectations in core areas
79,EMP0079,1.9,Needs to build more confidence and competence
80,EMP0080,2.3,Takes responsibility sporadically
81,EMP0081,2.8,Demonstrates improving time and task management
82,EMP0082,3.3,Builds good rapport with colleagues and clients
83,EMP0083,2.8,Handles responsibilities with professionalism
84,EMP0084,3.5,Professional and constructive in team discussions
85,EMP0085,4.0,Consistently performs at a high level across all tasks
86,EMP0086,3.6,Highly dependable and resourceful in daily operations
87,EMP0087,2.5,Performs tasks with satisfactory accuracy and timeliness
88,EMP0088,2.3,Moderate performance with upward potential
89,EMP0089,2.9,Demonstrates solid knowledge and competence
90,EMP0090,4.0,Drives a high-performance environment
91,EMP0091,3.6,Strong role model with leadership potential
92,EMP0092,2.3,Works well independently with occasional guidance
93,EMP0093,3.0,Understands job expectations and meets them
94,EMP0094,4.1,Trusted for both quality and reliability
95,EMP0095,2.0,Moderate performance with upward potential
96,EMP0096,3.2,Responds well to feedback and adapts accordingly
97,EMP0097,3.0,Demonstrates effective problem-solving skills
98,EMP0098,3.5,Manages workload effectively under pressure
99,EMP0099,3.3,Responds well to feedback and adapts accordingly
100,EMP0100,2.1,Still requires coaching for growth
101,EMP0101,3.5,Produces high-quality work that exceeds expectations
102,EMP0102,1.8,Needs to build more confidence and competence
103,EMP0103,2.5,Starting to take more ownership
104,EMP0104,3.7,Takes on extra tasks willingly and capably
105,EMP0105,2.9,Adds value through attention to detail
106,EMP0106,3.4,Has a strong grasp of processes and improves them
107,EMP0107,2.5,Serves as a positive influence on peers
108,EMP0108,2.6,Tackles assignments with minimal supervision
109,EMP0109,1.7,Performs with confidence on familiar tasks
110,EMP0110,3.4,Adds value through attention to detail
111,EMP0111,3.5,Adds value through attention to detail
112,EMP0112,2.5,Reliable contributor to team success
113,EMP0113,2.7,Maintains strong productivity levels
114,EMP0114,4.1,Champions innovation and process improvement
115,EMP0115,1.9,Continuously improves through self-reflection and feedback
116,EMP0116,4.5,Among the top performers in the organization
117,EMP0117,1.6,Communication remains unclear and ineffective
118,EMP0118,1.0,Struggles with meeting deadlines and quality standards
119,EMP0119,2.7,Starting to take more ownership
120,EMP0120,3.4,Helps elevate team performance through collaboration
121,EMP0121,2.9,"Delivers consistent, reliable outcomes"
122,EMP0122,1.2,Needs to develop critical job skills urgently
123,EMP0123,4.0,Brings strategic insight to team discussions
124,EMP0124,3.8,Takes initiative and delivers exceptional results
125,EMP0125,3.3,Growing potential for leadership responsibilities
126,EMP0126,3.1,Occasionally takes initiative beyond core duties
127,EMP0127,3.0,Tackles assignments with minimal supervision
128,EMP0128,2.0,Capable of taking initiative on smaller tasks
129,EMP0129,1.8,"Shows early signs of learning, but struggles persist"
130,EMP0130,2.6,Shows a good balance of quality and efficiency
131,EMP0131,1.8,Becoming more dependable in task completion
132,EMP0132,1.1,Begins to understand responsibilities but struggles with execution
133,EMP0133,3.1,Displays ownership of tasks and deadlines
134,EMP0134,2.6,Moderate performance with upward potential
135,EMP0135,1.6,Needs clearer focus and better time management
136,EMP0136,1.9,Work quality is improving slightly but remains below standard
137,EMP0137,3.7,A dependable contributor with a high-performance mindset
138,EMP0138,1.8,Solid performer with room for refinement
139,EMP0139,1.7,"Reliable in most areas, though not consistently exceeding standards"
140,EMP0140,4.0,Encourages and uplifts team morale
141,EMP0141,4.5,Leads initiatives that create measurable success
142,EMP0142,2.3,Keeps pace with team expectations
143,EMP0143,3.6,Influences positive change within the team
144,EMP0144,1.4,Recognized by peers and leaders for quality work
145,EMP0145,1.2,Performs with confidence on familiar tasks
146,EMP0146,2.2,Tackles assignments with minimal supervision
147,EMP0147,4.0,Regularly identifies opportunities to optimize results
148,EMP0148,1.9,Shows consistent ability with minimal errors
149,EMP0149,1.2,Often dependent on others to finish assigned work
150,EMP0150,4.0,Leads projects with confidence and clarity
151,EMP0151,3.5,Brings strategic insight to team discussions
152,EMP0152,4.7,Consistently delivers innovative and strategic contributions
153,EMP0153,3.1,Maintains strong productivity levels
154,EMP0154,2.9,Solid performer with room for refinement
155,EMP0155,2.4,Shows growing independence in routine tasks
156,EMP0156,3.5,Has a strong grasp of processes and improves them
157,EMP0157,3.3,Respected contributor with clear upward trajectory
158,EMP0158,3.3,Displays ownership of tasks and deadlines
159,EMP0159,3.0,Reliable contributor to team success
160,EMP0160,3.2,Maintains strong productivity levels
161,EMP0161,2.2,Often exceeds expectations in core areas
162,EMP0162,3.9,Leads by example through integrity and diligence
163,EMP0163,3.2,Serves as a positive influence on peers
164,EMP0164,3.2,Serves as a positive influence on peers
165,EMP0165,4.6,Trusted advisor to peers and leaders
166,EMP0166,3.0,Recognized by peers and leaders for quality work
167,EMP0167,4.0,Trusted for both quality and reliability
168,EMP0168,4.7,Acts as a catalyst for positive change
169,EMP0169,2.2,Still requires coaching for growth
170,EMP0170,1.9,Handles routine tasks with some reliability
171,EMP0171,4.1,Balances multiple priorities without sacrificing quality
172,EMP0172,2.0,Often exceeds expectations in core areas
173,EMP0173,3.9,Sets a standard of excellence for others
174,EMP0174,3.8,Offers solutions that improve workflow efficiency
175,EMP0175,3.0,Moderate performance with upward potential
176,EMP0176,2.3,Collaboration skills beginning to improve
177,EMP0177,3.3,Maintains strong productivity levels
178,EMP0178,4.5,Develops others through coaching and feedback
179,EMP0179,3.4,Responds well to feedback and adapts accordingly
180,EMP0180,3.3,Takes pride in delivering accurate work
